<?xml version="1.0" encoding="UTF-8"?>
<!DOCTYPE tiles-definitions PUBLIC
"-//Apache Software Foundation//DTD Tiles Configuration 2.0//EN"
"http://tiles.apache.org/dtds/tiles-config_2_0.dtd">
<tiles-definitions>
	<definition name="baseLayout" template="/WEB-INF/views/layout.jsp">
		<put-attribute name="header" value="/WEB-INF/views/top.jsp" />
		<put-attribute name="nav" value="/WEB-INF/views/nav.jsp" />
		<put-attribute name="body" value="" />
		<put-attribute name="footer" value="/WEB-INF/views/footer.jsp" />
	</definition>
	
	<definition name="index" extends="baseLayout">
		<put-attribute name="body" value="/WEB-INF/views/index.jsp"/>
	</definition>
	
	<!-- login -->
	<definition name="login" extends="baseLayout">
		<put-attribute name="body" value="/WEB-INF/views/login.jsp"/>
	</definition>
	
	<!-- 회원가입 -->
	<definition name="join" extends="baseLayout">
      	<put-attribute name="body" value="/WEB-INF/views/join.jsp"/>
   	</definition>
   	
	<!-- 이용약관 / 개인정보처리방침 -->
	<definition name="TOS" extends="baseLayout">
      	<put-attribute name="body" value="/WEB-INF/views/TOS.jsp"/>
    </definition>

   	<definition name="private" extends="baseLayout">
      	<put-attribute name="body" value="/WEB-INF/views/private.jsp"/>
   	</definition>
   	
   	<!-- 찾아오시는 길 -->
   	<definition name="map" extends="baseLayout">
      <put-attribute name="body" value="/WEB-INF/views/map.jsp"/>
   	</definition>
   	
   	<!-- 공지사항 -->
	<definition name="notice" extends="baseLayout">
		<put-attribute name="body" value="/WEB-INF/views/notice.jsp"/>
	</definition>
	
   	<!-- 도서 검색 -->
   	<definition name="search" extends="baseLayout">
      	<put-attribute name="body" value="/WEB-INF/views/search.jsp"/>
   	</definition>
   	<definition name="search_result" extends="baseLayout">
      	<put-attribute name="body" value="/WEB-INF/views/search_result.jsp"/>
   	</definition>
   	
   	<!-- 도서 대출 -->
   	<definition name="bebook_check" extends="baseLayout">
      	<put-attribute name="body" value="/WEB-INF/views/bebook_check.jsp"/>
   	</definition>
   	
   	<!-- 마이페이지 -->
	<definition name="mypage" extends="baseLayout">
		<put-attribute name="body" value="/WEB-INF/views/mypage.jsp"/>
	</definition>
	
	<!-- 회원삭제 -->
	<definition name="my_delete" extends="baseLayout">
		<put-attribute name="body" value="/WEB-INF/views/my_delete.jsp"/>
	</definition>
	
   	<!-- Test -->
   	<definition name="test" extends="baseLayout">
      	<put-attribute name="body" value="/WEB-INF/views/test.jsp"/>
   	</definition>
</tiles-definitions>